Title,wrong imported  Goonj Office,Correct Goonj Office,Valid
2024/KAR/Coll/324,Goonj Dehradun,Goonj Bangalore,1
2024/KAR/Coll/359,Goonj Dehradun,Goonj Bangalore,1
2024/KAR/Coll/322,Goonj Dehradun,Goonj Bangalore,1
2024/KAR/Coll/328,Goonj Dehradun,Goonj Bangalore,1
2024/KAR/Coll/341,Goonj Dehradun,Goonj Bangalore,1
2024/KAR/Coll/397,Goonj Dehradun,Goonj Bangalore,1
2024/KAR/Coll/344,Goonj Dehradun,Goonj Bangalore,1
2024/KAR/Coll/343,Goonj Dehradun,Goonj Bangalore,1
2024/KAR/Coll/413,Goonj Dehradun,Goonj Bangalore,1
2024/KAR/Coll/414,Goonj Dehradun,Goonj Bangalore,1
2024/KAR/Coll/320,Goonj Dehradun,Goonj Bangalore,1
2024/KAR/Coll/351,Goonj Dehradun,Goonj Bangalore,1
2024/KAR/Coll/408,Goonj Dehradun,Goonj Bangalore,1
2024/KAR/Coll/382,Goonj Dehradun,Goonj Bangalore,1
2024/KAR/Coll/357,Goonj Dehradun,Goonj Bangalore,1
2024/KAR/Coll/371,Goonj Dehradun,Goonj Bangalore,1
2024/KAR/Coll/392,Goonj Dehradun,Goonj Bangalore,1
2024/KAR/Coll/348,Goonj Dehradun,Goonj Bangalore,1
2024/KAR/Coll/393,Goonj Dehradun,Goonj Bangalore,1
2024/KAR/Coll/325,Goonj Dehradun,Goonj Bangalore,1
2024/KAR/Coll/345,Goonj Dehradun,Goonj Bangalore,1
2024/KAR/Coll/412,Goonj Dehradun,Goonj Bangalore,1
2024/KAR/Coll/395,Goonj Dehradun,Goonj Bangalore,1
2024/KAR/Coll/374,Goonj Dehradun,Goonj Bangalore,1
2024/KAR/Coll/394,Goonj Dehradun,Goonj Bangalore,1
2024/KAR/Coll/391,Goonj Dehradun,Goonj Bangalore,1
2024/KAR/Coll/373,Goonj Dehradun,Goonj Bangalore,1
2024/KAR/Coll/323,Goonj Dehradun,Goonj Bangalore,1
2024/KAR/Coll/346,Goonj Dehradun,Goonj Bangalore,1
2024/KAR/Coll/347,Goonj Dehradun,Goonj Bangalore,1
2024/KAR/Coll/378,Goonj Dehradun,Goonj Bangalore,1
2024/KAR/Coll/352,Goonj Dehradun,Goonj Bangalore,1
2024/KAR/Coll/406,Goonj Dehradun,Goonj Bangalore,1
2024/KAR/Coll/329,Goonj Dehradun,Goonj Bangalore,1
2024/KAR/Coll/409,Goonj Dehradun,Goonj Bangalore,1
2024/KAR/Coll/355,Goonj Dehradun,Goonj Bangalore,1
2024/KAR/Coll/340,Goonj Dehradun,Goonj Bangalore,1
2024/KAR/Coll/334,Goonj Dehradun,Goonj Bangalore,1
2024/KAR/Coll/386,Goonj Dehradun,Goonj Bangalore,1
2024/KAR/Coll/350,Goonj Dehradun,Goonj Bangalore,1
2024/KAR/Coll/411,Goonj Dehradun,Goonj Bangalore,1
2024/KAR/Coll/353,Goonj Dehradun,Goonj Bangalore,1
2024/KAR/Coll/407,Goonj Dehradun,Goonj Bangalore,1
2024/KAR/Coll/375,Goonj Dehradun,Goonj Bangalore,1
2024/KAR/Coll/376,Goonj Dehradun,Goonj Bangalore,1
2024/KAR/Coll/342,Goonj Dehradun,Goonj Bangalore,1
2024/KAR/Coll/404,Goonj Dehradun,Goonj Bangalore,1
2024/KAR/Coll/367,Goonj Dehradun,Goonj Bangalore,1
2024/KAR/Coll/336,Goonj Dehradun,Goonj Bangalore,1
2024/KAR/Coll/405,Goonj Dehradun,Goonj Bangalore,1
2024/KAR/Coll/361,Goonj Dehradun,Goonj Bangalore,1
2024/KAR/Coll/370,Goonj Dehradun,Goonj Bangalore,1
2024/KAR/Coll/380,Goonj Dehradun,Goonj Bangalore,1
2024/KAR/Coll/396,Goonj Dehradun,Goonj Bangalore,1
2024/KAR/Coll/330,Goonj Dehradun,Goonj Bangalore,1
2024/KAR/Coll/385,Goonj Dehradun,Goonj Bangalore,1
2024/KAR/Coll/400,Goonj Dehradun,Goonj Bangalore,1
2024/KAR/Coll/362,Goonj Dehradun,Goonj Bangalore,1
2024/KAR/Coll/377,Goonj Dehradun,Goonj Bangalore,1
2024/KAR/Coll/365,Goonj Dehradun,Goonj Bangalore,1
2024/KAR/Coll/388,Goonj Dehradun,Goonj Bangalore,1
2024/KAR/Coll/369,Goonj Dehradun,Goonj Bangalore,1
2024/KAR/Coll/390,Goonj Dehradun,Goonj Bangalore,1
2024/KAR/Coll/401,Goonj Dehradun,Goonj Bangalore,1
2024/KAR/Coll/366,Goonj Dehradun,Goonj Bangalore,1
2024/KAR/Coll/387,Goonj Dehradun,Goonj Bangalore,1
2024/KAR/Coll/368,Goonj Dehradun,Goonj Bangalore,1
2025/KAR/Coll/415,Goonj Dehradun,Goonj Bangalore,1
2024/KAR/Coll/356,Goonj Dehradun,Goonj Bangalore,1
2024/KAR/Coll/399,Goonj Dehradun,Goonj Bangalore,1
2024/KAR/Coll/403,Goonj Dehradun,Goonj Bangalore,1
2024/KAR/Coll/360,Goonj Dehradun,Goonj Bangalore,1
2025/ORS/Coll/015,Goonj Dehradun,Goonj Bhubaneswar,1
2024/TND/Coll/535,Goonj Dehradun,Goonj Chennai,1
2024/TND/Coll/538,Goonj Dehradun,Goonj Chennai,1
2024/TND/Coll/560,Goonj Dehradun,Goonj Chennai,1
2024/TND/Coll/634,Goonj Dehradun,Goonj Chennai,1
2025/TND/Coll/640,Goonj Dehradun,Goonj Chennai,1
2024/TND/Coll/558,Goonj Dehradun,Goonj Chennai,1
2024/TND/Coll/533,Goonj Dehradun,Goonj Chennai,1
2025/TND/Coll/653,Goonj Dehradun,Goonj Chennai,1
2024/TND/Coll/614,Goonj Dehradun,Goonj Chennai,1
2024/TND/Coll/605,Goonj Dehradun,Goonj Chennai,1
2024/TND/Coll/606,Goonj Dehradun,Goonj Chennai,1
2024/TND/Coll/607,Goonj Dehradun,Goonj Chennai,1
2024/TND/Coll/612,Goonj Dehradun,Goonj Chennai,1
2024/TND/Coll/591,Goonj Dehradun,Goonj Chennai,1
2025/TND/Coll/647,Goonj Dehradun,Goonj Chennai,1
2024/TND/Coll/571,Goonj Dehradun,Goonj Chennai,1
2024/TND/Coll/626,Goonj Dehradun,Goonj Chennai,1
2024/TND/Coll/617,Goonj Dehradun,Goonj Chennai,1
2024/TND/Coll/596,Goonj Dehradun,Goonj Chennai,1
2025/TND/Coll/638,Goonj Dehradun,Goonj Chennai,1
2024/TND/Coll/618,Goonj Dehradun,Goonj Chennai,1
2024/TND/Coll/619,Goonj Dehradun,Goonj Chennai,1
2024/TND/Coll/536,Goonj Dehradun,Goonj Chennai,1
2025/TND/Coll/636,Goonj Dehradun,Goonj Chennai,1
2024/TND/Coll/592,Goonj Dehradun,Goonj Chennai,1
2024/TND/Coll/575,Goonj Dehradun,Goonj Chennai,1
2024/TND/Coll/625,Goonj Dehradun,Goonj Chennai,1
2025/TND/Coll/645,Goonj Dehradun,Goonj Chennai,1
2024/TND/Coll/609,Goonj Dehradun,Goonj Chennai,1
2024/TND/Coll/628,Goonj Dehradun,Goonj Chennai,1
2025/TND/Coll/635,Goonj Dehradun,Goonj Chennai,1
2024/TND/Coll/589,Goonj Dehradun,Goonj Chennai,1
2025/TND/Coll/642,Goonj Dehradun,Goonj Chennai,1
2025/TND/Coll/639,Goonj Dehradun,Goonj Chennai,1
2024/TND/Coll/563,Goonj Dehradun,Goonj Chennai,1
2025/TND/Coll/652,Goonj Dehradun,Goonj Chennai,1
2024/TND/Coll/573,Goonj Dehradun,Goonj Chennai,1
2024/TND/Coll/576,Goonj Dehradun,Goonj Chennai,1
2024/TND/Coll/627,Goonj Dehradun,Goonj Chennai,1
2024/TND/Coll/629,Goonj Dehradun,Goonj Chennai,1
2024/TND/Coll/630,Goonj Dehradun,Goonj Chennai,1
2024/TND/Coll/615,Goonj Dehradun,Goonj Chennai,1
2024/TND/Coll/594,Goonj Dehradun,Goonj Chennai,1
2024/TND/Coll/537,Goonj Dehradun,Goonj Chennai,1
2024/TND/Coll/620,Goonj Dehradun,Goonj Chennai,1
2024/TND/Coll/555,Goonj Dehradun,Goonj Chennai,1
2025/TND/Coll/654,Goonj Dehradun,Goonj Chennai,1
2024/TND/Coll/547,Goonj Dehradun,Goonj Chennai,1
2024/TND/Coll/550,Goonj Dehradun,Goonj Chennai,1
2025/TND/Coll/644,Goonj Dehradun,Goonj Chennai,1
2024/TND/Coll/546,Goonj Dehradun,Goonj Chennai,1
2024/TND/Coll/587,Goonj Dehradun,Goonj Chennai,1
2024/TND/Coll/588,Goonj Dehradun,Goonj Chennai,1
2025/TND/Coll/643,Goonj Dehradun,Goonj Chennai,1
2025/TND/Coll/648,Goonj Dehradun,Goonj Chennai,1
2024/TND/Coll/597,Goonj Dehradun,Goonj Chennai,1
2025/TND/Coll/650,Goonj Dehradun,Goonj Chennai,1
2024/TND/Coll/623,Goonj Dehradun,Goonj Chennai,1
2024/TND/Coll/616,Goonj Dehradun,Goonj Chennai,1
2024/TND/Coll/543,Goonj Dehradun,Goonj Chennai,1
2024/TND/Coll/595,Goonj Dehradun,Goonj Chennai,1
2024/TND/Coll/593,Goonj Dehradun,Goonj Chennai,1
2024/TND/Coll/621,Goonj Dehradun,Goonj Chennai,1
2024/TND/Coll/613,Goonj Dehradun,Goonj Chennai,1
2024/TND/Coll/556,Goonj Dehradun,Goonj Chennai,1
2024/TND/Coll/598,Goonj Dehradun,Goonj Chennai,1
2024/TND/Coll/529,Goonj Dehradun,Goonj Chennai,1
2024/TND/Coll/608,Goonj Dehradun,Goonj Chennai,1
2024/TND/Coll/611,Goonj Dehradun,Goonj Chennai,1
2025/TND/Coll/641,Goonj Dehradun,Goonj Chennai,1
2024/TND/Coll/584,Goonj Dehradun,Goonj Chennai,1
2024/TND/Coll/569,Goonj Dehradun,Goonj Chennai,1
2024/TND/Coll/534,Goonj Dehradun,Goonj Chennai,1
2024/TND/Coll/548,Goonj Dehradun,Goonj Chennai,1
2024/TND/Coll/539,Goonj Dehradun,Goonj Chennai,1
2024/TND/Coll/551,Goonj Dehradun,Goonj Chennai,1
2024/TND/Coll/570,Goonj Dehradun,Goonj Chennai,1
2024/TND/Coll/577,Goonj Dehradun,Goonj Chennai,1
2024/TND/Coll/579,Goonj Dehradun,Goonj Chennai,1
2024/TND/Coll/585,Goonj Dehradun,Goonj Chennai,1
2024/TND/Coll/600,Goonj Dehradun,Goonj Chennai,1
2024/TND/Coll/601,Goonj Dehradun,Goonj Chennai,1
2024/UTR/Coll/224,Goonj Dehradun,Goonj Dehradun,1
2024/DEL/Coll/475,Goonj Dehradun,Goonj Delhi,1
2024/DEL/Coll/481,Goonj Dehradun,Goonj Delhi,1
2024/DEL/Coll/485,Goonj Dehradun,Goonj Delhi,1
2024/DEL/Coll/466,Goonj Dehradun,Goonj Delhi,1
2024/DEL/Coll/486,Goonj Dehradun,Goonj Delhi,1
2024/HMP/Coll/010,Goonj Dehradun,Goonj Delhi,1
2024/DEL/Coll/484,Goonj Dehradun,Goonj Delhi,1
2024/HRY/Coll/297,Goonj Dehradun,Goonj Delhi,1
2024/DEL/Coll/465,Goonj Dehradun,Goonj Delhi,1
2024/DEL/Coll/476,Goonj Dehradun,Goonj Delhi,1
2024/UPD/Coll/465,Goonj Dehradun,Goonj Delhi,1
2024/UPD/Coll/459,Goonj Dehradun,Goonj Delhi,1
2024/UPD/Coll/461,Goonj Dehradun,Goonj Delhi,1
2024/UPD/Coll/462,Goonj Dehradun,Goonj Delhi,1
2024/UPD/Coll/460,Goonj Dehradun,Goonj Delhi,1
2024/DEL/Coll/506,Goonj Dehradun,Goonj Delhi,1
2024/HRY/Coll/301,Goonj Dehradun,Goonj Delhi,1
2025/UPD/Coll/467,Goonj Dehradun,Goonj Delhi,1
2024/HRY/Coll/302,Goonj Dehradun,Goonj Delhi,1
2024/PNB/Coll/019,Goonj Dehradun,Goonj Delhi,1
2024/HRY/Coll/309,Goonj Dehradun,Goonj Delhi,1
2024/DEL/Coll/497,Goonj Dehradun,Goonj Delhi,1
2024/DEL/Coll/000456,Goonj Dehradun,Goonj Delhi,1
2024/DEL/Coll/490,Goonj Dehradun,Goonj Delhi,1
2024/UPD/Coll/440,Goonj Dehradun,Goonj Delhi,1
2024/HRY/Coll/308,Goonj Dehradun,Goonj Delhi,1
2024/HRY/Coll/306,Goonj Dehradun,Goonj Delhi,1
2024/DEL/Coll/511,Goonj Dehradun,Goonj Delhi,1
2024/UPD/Coll/000423,Goonj Dehradun,Goonj Delhi,1
2024/UPD/Coll/431,Goonj Dehradun,Goonj Delhi,1
2024/DEL/Coll/461,Goonj Dehradun,Goonj Delhi,1
2024/TLG/Coll/518,Goonj Dehradun,Goonj Hyderabad,1
2024/TLG/Coll/581,Goonj Dehradun,Goonj Hyderabad,1
2024/TLG/Coll/555,Goonj Dehradun,Goonj Hyderabad,1
2024/TLG/Coll/567,Goonj Dehradun,Goonj Hyderabad,1
2024/TLG/Coll/554,Goonj Dehradun,Goonj Hyderabad,1
2024/TLG/Coll/580,Goonj Dehradun,Goonj Hyderabad,1
2024/TLG/Coll/529,Goonj Dehradun,Goonj Hyderabad,1
2024/JRD/Coll/004,Goonj Dehradun,Goonj Jharkhand,1
2024/KER/Coll/204,Goonj Dehradun,Goonj Kochi,1
2024/KER/Coll/247,Goonj Dehradun,Goonj Kochi,1
2024/KER/Coll/221,Goonj Dehradun,Goonj Kochi,1
2024/KER/Coll/222,Goonj Dehradun,Goonj Kochi,1
2024/KER/Coll/237,Goonj Dehradun,Goonj Kochi,1
2024/KER/Coll/239,Goonj Dehradun,Goonj Kochi,1
2024/KER/Coll/240,Goonj Dehradun,Goonj Kochi,1
2024/KER/Coll/246,Goonj Dehradun,Goonj Kochi,1
2024/KER/Coll/241,Goonj Dehradun,Goonj Kochi,1
2024/KER/Coll/242,Goonj Dehradun,Goonj Kochi,1
2024/KER/Coll/243,Goonj Dehradun,Goonj Kochi,1
2025/KER/Coll/250,Goonj Dehradun,Goonj Kochi,1
2024/KER/Coll/238,Goonj Dehradun,Goonj Kochi,1
2025/KER/Coll/249,Goonj Dehradun,Goonj Kochi,1
2024/KER/Coll/230,Goonj Dehradun,Goonj Kochi,1
2024/KER/Coll/219,Goonj Dehradun,Goonj Kochi,1
2024/KER/Coll/244,Goonj Dehradun,Goonj Kochi,1
2024/KER/Coll/224,Goonj Dehradun,Goonj Kochi,1
2024/KER/Coll/225,Goonj Dehradun,Goonj Kochi,1
2024/KER/Coll/232,Goonj Dehradun,Goonj Kochi,1
2024/KER/Coll/245,Goonj Dehradun,Goonj Kochi,1
2024/KER/Coll/226,Goonj Dehradun,Goonj Kochi,1
2024/WEB/Coll/400,Goonj Dehradun,Goonj Kolkata,1
2024/WEB/Coll/445,Goonj Dehradun,Goonj Kolkata,1
2025/WEB/Coll/583,Goonj Dehradun,Goonj Kolkata,1
2024/WEB/Coll/465,Goonj Dehradun,Goonj Kolkata,1
2024/WEB/Coll/498,Goonj Dehradun,Goonj Kolkata,1
2025/WEB/Coll/569,Goonj Dehradun,Goonj Kolkata,1
2024/WEB/Coll/536,Goonj Dehradun,Goonj Kolkata,1
2024/WEB/Coll/401,Goonj Dehradun,Goonj Kolkata,1
2024/WEB/Coll/561,Goonj Dehradun,Goonj Kolkata,1
2024/WEB/Coll/547,Goonj Dehradun,Goonj Kolkata,1
2024/WEB/Coll/420,Goonj Dehradun,Goonj Kolkata,1
2024/WEB/Coll/541,Goonj Dehradun,Goonj Kolkata,1
2024/WEB/Coll/524,Goonj Dehradun,Goonj Kolkata,1
2024/WEB/Coll/549,Goonj Dehradun,Goonj Kolkata,1
2024/WEB/Coll/545,Goonj Dehradun,Goonj Kolkata,1
2025/WEB/Coll/578,Goonj Dehradun,Goonj Kolkata,1
2024/WEB/Coll/421,Goonj Dehradun,Goonj Kolkata,1
2024/WEB/Coll/537,Goonj Dehradun,Goonj Kolkata,1
2024/WEB/Coll/555,Goonj Dehradun,Goonj Kolkata,1
2024/WEB/Coll/486,Goonj Dehradun,Goonj Kolkata,1
2024/WEB/Coll/460,Goonj Dehradun,Goonj Kolkata,1
2024/WEB/Coll/509,Goonj Dehradun,Goonj Kolkata,1
2024/WEB/Coll/559,Goonj Dehradun,Goonj Kolkata,1
2024/WEB/Coll/474,Goonj Dehradun,Goonj Kolkata,1
2024/WEB/Coll/518,Goonj Dehradun,Goonj Kolkata,1
2025/WEB/Coll/576,Goonj Dehradun,Goonj Kolkata,1
2024/WEB/Coll/427,Goonj Dehradun,Goonj Kolkata,1
2025/WEB/Coll/566,Goonj Dehradun,Goonj Kolkata,1
2024/WEB/Coll/525,Goonj Dehradun,Goonj Kolkata,1
2024/WEB/Coll/546,Goonj Dehradun,Goonj Kolkata,1
2024/WEB/Coll/553,Goonj Dehradun,Goonj Kolkata,1
2024/WEB/Coll/453,Goonj Dehradun,Goonj Kolkata,1
2024/WEB/Coll/528,Goonj Dehradun,Goonj Kolkata,1
2025/WEB/Coll/571,Goonj Dehradun,Goonj Kolkata,1
2024/WEB/Coll/436,Goonj Dehradun,Goonj Kolkata,1
2024/WEB/Coll/550,Goonj Dehradun,Goonj Kolkata,1
2024/WEB/Coll/452,Goonj Dehradun,Goonj Kolkata,1
2024/WEB/Coll/557,Goonj Dehradun,Goonj Kolkata,1
2024/WEB/Coll/535,Goonj Dehradun,Goonj Kolkata,1
2024/WEB/Coll/542,Goonj Dehradun,Goonj Kolkata,1
2024/WEB/Coll/532,Goonj Dehradun,Goonj Kolkata,1
2024/WEB/Coll/544,Goonj Dehradun,Goonj Kolkata,1
2024/WEB/Coll/435,Goonj Dehradun,Goonj Kolkata,1
2024/WEB/Coll/558,Goonj Dehradun,Goonj Kolkata,1
2024/WEB/Coll/454,Goonj Dehradun,Goonj Kolkata,1
2024/WEB/Coll/543,Goonj Dehradun,Goonj Kolkata,1
2024/WEB/Coll/487,Goonj Dehradun,Goonj Kolkata,1
2025/WEB/Coll/570,Goonj Dehradun,Goonj Kolkata,1
2024/WEB/Coll/527,Goonj Dehradun,Goonj Kolkata,1
2024/WEB/Coll/475,Goonj Dehradun,Goonj Kolkata,1
2024/WEB/Coll/450,Goonj Dehradun,Goonj Kolkata,1
2024/WEB/Coll/516,Goonj Dehradun,Goonj Kolkata,1
2024/WEB/Coll/554,Goonj Dehradun,Goonj Kolkata,1
2025/WEB/Coll/567,Goonj Dehradun,Goonj Kolkata,1
2024/WEB/Coll/414,Goonj Dehradun,Goonj Kolkata,1
2024/WEB/Coll/560,Goonj Dehradun,Goonj Kolkata,1
2025/WEB/Coll/573,Goonj Dehradun,Goonj Kolkata,1
2024/WEB/Coll/520,Goonj Dehradun,Goonj Kolkata,1
2024/WEB/Coll/481,Goonj Dehradun,Goonj Kolkata,1
2024/WEB/Coll/432,Goonj Dehradun,Goonj Kolkata,1
2024/WEB/Coll/502,Goonj Dehradun,Goonj Kolkata,1
2025/WEB/Coll/577,Goonj Dehradun,Goonj Kolkata,1
2024/WEB/Coll/418,Goonj Dehradun,Goonj Kolkata,1
2024/WEB/Coll/458,Goonj Dehradun,Goonj Kolkata,1
2024/WEB/Coll/503,Goonj Dehradun,Goonj Kolkata,1
2025/WEB/Coll/582,Goonj Dehradun,Goonj Kolkata,1
2024/WEB/Coll/538,Goonj Dehradun,Goonj Kolkata,1
2025/WEB/Coll/562,Goonj Dehradun,Goonj Kolkata,1
2024/WEB/Coll/551,Goonj Dehradun,Goonj Kolkata,1
2024/WEB/Coll/526,Goonj Dehradun,Goonj Kolkata,1
2025/WEB/Coll/575,Goonj Dehradun,Goonj Kolkata,1
2024/WEB/Coll/446,Goonj Dehradun,Goonj Kolkata,1
2024/WEB/Coll/531,Goonj Dehradun,Goonj Kolkata,1
2024/WEB/Coll/530,Goonj Dehradun,Goonj Kolkata,1
2024/WEB/Coll/485,Goonj Dehradun,Goonj Kolkata,1
2024/WEB/Coll/409,Goonj Dehradun,Goonj Kolkata,1
2024/WEB/Coll/413,Goonj Dehradun,Goonj Kolkata,1
2024/WEB/Coll/419,Goonj Dehradun,Goonj Kolkata,1
2024/WEB/Coll/438,Goonj Dehradun,Goonj Kolkata,1
2024/WEB/Coll/447,Goonj Dehradun,Goonj Kolkata,1
2024/WEB/Coll/430,Goonj Dehradun,Goonj Kolkata,1
2025/WEB/Coll/574,Goonj Dehradun,Goonj Kolkata,1
2024/WEB/Coll/508,Goonj Dehradun,Goonj Kolkata,1
2024/WEB/Coll/492,Goonj Dehradun,Goonj Kolkata,1
2024/WEB/Coll/506,Goonj Dehradun,Goonj Kolkata,1
2024/WEB/Coll/412,Goonj Dehradun,Goonj Kolkata,1
2024/WEB/Coll/425,Goonj Dehradun,Goonj Kolkata,1
2024/WEB/Coll/480,Goonj Dehradun,Goonj Kolkata,1
2024/WEB/Coll/448,Goonj Dehradun,Goonj Kolkata,1
2024/WEB/Coll/534,Goonj Dehradun,Goonj Kolkata,1
2025/WEB/Coll/584,Goonj Dehradun,Goonj Kolkata,1
2024/WEB/Coll/488,Goonj Dehradun,Goonj Kolkata,1
2024/WEB/Coll/466,Goonj Dehradun,Goonj Kolkata,1
2024/WEB/Coll/415,Goonj Dehradun,Goonj Kolkata,1
2025/WEB/Coll/565,Goonj Dehradun,Goonj Kolkata,1
2024/WEB/Coll/429,Goonj Dehradun,Goonj Kolkata,1
2024/WEB/Coll/437,Goonj Dehradun,Goonj Kolkata,1
2024/WEB/Coll/539,Goonj Dehradun,Goonj Kolkata,1
2024/WEB/Coll/517,Goonj Dehradun,Goonj Kolkata,1
2024/MHR/Coll/1024,Goonj Dehradun,Goonj Mumbai,1
2024/MHR/Coll/1025,Goonj Dehradun,Goonj Mumbai,1
2024/MHR/Coll/1026,Goonj Dehradun,Goonj Mumbai,1
2024/GOA/Coll/039,Goonj Dehradun,Goonj Mumbai,1
2024/GOA/Coll/040,Goonj Dehradun,Goonj Mumbai,1
2024/GOA/Coll/041,Goonj Dehradun,Goonj Mumbai,1
2024/GOA/Coll/043,Goonj Dehradun,Goonj Mumbai,1
2024/MHR/Coll/1014,Goonj Dehradun,Goonj Mumbai,1
2024/MHR/Coll/1030,Goonj Dehradun,Goonj Mumbai,1
2024/MHR/Coll/965,Goonj Dehradun,Goonj Mumbai,1
2025/MHR/Coll/1033,Goonj Dehradun,Goonj Mumbai,1
2024/MHR/Coll/991,Goonj Dehradun,Goonj Mumbai,1
2024/MHR/Coll/1018,Goonj Dehradun,Goonj Mumbai,1
2024/MHR/Coll/966,Goonj Dehradun,Goonj Mumbai,1
2024/GUJ/Coll/040,Goonj Dehradun,Goonj Mumbai,1
2024/GUJ/Coll/041,Goonj Dehradun,Goonj Mumbai,1
2024/GUJ/Coll/042,Goonj Dehradun,Goonj Mumbai,1
2024/GOA/Coll/038,Goonj Dehradun,Goonj Mumbai,1
2024/MHR/Coll/948,Goonj Dehradun,Goonj Mumbai,1
2024/MHR/Coll/1020,Goonj Dehradun,Goonj Mumbai,1
2024/MHR/Coll/1019,Goonj Dehradun,Goonj Mumbai,1
2024/MHR/Coll/1027,Goonj Dehradun,Goonj Mumbai,1
2024/MHR/Coll/992,Goonj Dehradun,Goonj Mumbai,1
2024/MHR/Coll/996,Goonj Dehradun,Goonj Mumbai,1
2025/MHR/Coll/1032,Goonj Dehradun,Goonj Mumbai,1
2024/MHR/Coll/1029,Goonj Dehradun,Goonj Mumbai,1
2024/MHR/Coll/1028,Goonj Dehradun,Goonj Mumbai,1
2024/MHR/Coll/946,Goonj Dehradun,Goonj Mumbai,1
2024/MHR/Coll/1008,Goonj Dehradun,Goonj Mumbai,1
2024/MHR/Coll/917,Goonj Dehradun,Goonj Mumbai,1
2024/MHR/Coll/942,Goonj Dehradun,Goonj Mumbai,1
2024/MHR/Coll/955,Goonj Dehradun,Goonj Mumbai,1
2024/MHR/Coll/986,Goonj Dehradun,Goonj Mumbai,1
2024/MHR/Coll/973,Goonj Dehradun,Goonj Mumbai,1
2024/MHR/CC/102,Goonj Dehradun,Goonj Mumbai,1
2024/MHR/CC/5507,Goonj Dehradun,Goonj Mumbai,1
2024/MHR/CC/624,Goonj Dehradun,Goonj Mumbai,1
2024/MHR/CC/718,Goonj Dehradun,Goonj Mumbai,1
2024/MHR/CC/87,Goonj Dehradun,Goonj Mumbai,1
2025/MHR/CC/5708,Goonj Dehradun,Goonj Mumbai,1
2025/MHR/CC/5848,Goonj Dehradun,Goonj Mumbai,1
2024/CGH/Coll/001,Goonj Dehradun,Goonj Raipur,1