Camp Code,Start Time,end time ,Status,Type,,,,
2024/BHR/CC/106,2024-10-02 9:00:00,2024-10-05 21:00:00,Authorized,,Individual Camp,,Completed,Should be Authorized
2024/BHR/CC/198,2024-10-02 10:00:00,2024-10-02 16:00:00,Authorized,,Individual Camp,,Camp Status,Should be Completed
2024/DEL/CC/136,2024-10-19 11:00:00,2024-10-19 14:00:00,Authorized,,Individual Camp,,,
2024/DEL/CC/149,2024-10-06 10:00:00,2024-10-06 14:00:00,Authorized,,Individual Camp,,,
2024/DEL/CC/161,2024-10-02 10:00:00,2024-10-02 14:00:00,Authorized,,Individual Camp,,,
2024/DEL/CC/169,2024-10-02 11:00:00,2024-10-02 14:00:00,Authorized,,Individual Camp,,,
2024/DEL/CC/170,2024-10-02 11:00:00,2024-10-02 14:00:00,Authorized,,Individual Camp,,,
2024/DEL/CC/171,2024-10-02 11:00:00,2024-10-02 14:00:00,Authorized,,Individual Camp,,,
2024/DEL/CC/211,2024-10-13 11:00:00,2024-10-13 14:00:00,Authorized,,Individual Camp,,,
2024/DEL/CC/214,2024-10-12 10:30:00,2024-10-12 14:00:00,Authorized,,Individual Camp,,,
2024/DEL/CC/230,2024-10-05 10:00:00,2024-10-05 14:00:00,Authorized,,Individual Camp,,,
2024/DEL/CC/283,2024-10-07 11:00:00,2024-10-13 14:00:00,Authorized,,Individual Camp,,,
2024/DEL/CC/30,2024-10-19 11:00:00,2024-10-19 14:00:00,Authorized,,Individual Camp,,,
2024/DEL/CC/326,2024-10-18 10:00:00,2024-10-18 14:00:00,Authorized,,Individual Camp,,,
2024/DEL/CC/36,2024-10-02 9:30:00,2024-10-02 14:00:00,Authorized,,Individual Camp,,,
2024/DEL/CC/369,2024-10-22 10:00:00,2024-10-22 14:00:00,Authorized,,Individual Camp,,,
2024/DEL/CC/388,2024-10-13 10:00:00,2024-10-13 13:00:00,Authorized,,Individual Camp,,,
2024/DEL/CC/39,2024-10-19 10:00:00,2024-10-19 14:00:00,Authorized,,Individual Camp,,,
2024/DEL/CC/41,2024-10-06 10:00:00,2024-10-06 15:00:00,Authorized,,Individual Camp,,,
2024/DEL/CC/410,2024-10-19 10:00:00,2024-10-21 19:00:00,Authorized,,Individual Camp,,,
2024/DEL/CC/42,2024-10-13 10:00:00,2024-10-13 13:00:00,Authorized,,Individual Camp,,,
2024/DEL/CC/422,2024-10-19 9:00:00,2024-10-19 12:00:00,Authorized,,Individual Camp,,,
2024/DEL/CC/47,2024-10-05 10:00:00,2024-10-05 13:00:00,Authorized,,Individual Camp,,,
2024/DEL/CC/48,2024-10-15 10:00:00,2024-10-15 13:00:00,Authorized,,Individual Camp,,,
2024/DEL/CC/49,2024-10-06 11:00:00,2024-10-06 13:00:00,Authorized,,Individual Camp,,,
2024/DEL/CC/55,2024-10-05 11:00:00,2024-10-05 14:00:00,Authorized,,Individual Camp,,,
2024/DEL/CC/71,2024-10-17 10:30:00,2024-10-17 13:30:00,Authorized,,Individual Camp,,,
2024/DEL/CC/89,2024-10-19 10:00:00,2024-10-19 14:00:00,Authorized,,Individual Camp,,,
2024/DEL/Coll/420,2024-04-01 10:00:00,2024-04-01 13:00:00,Authorized,,Individual Camp,,,
2024/DEL/Coll/424,2024-04-13 22:00:00,2024-04-13 13:00:00,Authorized,,Individual Camp,,,
2024/DEL/Coll/425,2024-04-06 10:00:00,2024-04-06 13:00:00,Authorized,,Individual Camp,,,
2024/DEL/Coll/426,2024-04-06 10:30:00,2024-04-06 14:00:00,Authorized,,Individual Camp,,,
2024/DEL/Coll/428,2024-04-06 10:00:00,2024-04-06 14:00:00,Authorized,,Individual Camp,,,
2024/DEL/Coll/429,2024-04-20 10:00:00,2024-04-20 13:00:00,Authorized,,Individual Camp,,,
2024/DEL/Coll/430,2024-04-01 9:30:00,2024-04-01 14:00:00,Authorized,,Individual Camp,,,
2024/DEL/Coll/431,2024-04-13 10:00:00,2024-04-13 14:00:00,Authorized,,Individual Camp,,,
2024/DEL/Coll/432,2024-04-20 10:30:00,2024-04-20 13:00:00,Authorized,,Individual Camp,,,
2024/DEL/Coll/433,2024-04-13 10:30:00,2024-04-13 13:30:00,Authorized,,Individual Camp,,,
2024/DEL/Coll/434,2024-04-13 10:00:00,2024-04-13 13:00:00,Authorized,,Individual Camp,,,
2024/DEL/Coll/435,2024-04-13 10:00:00,2024-04-13 14:00:00,Authorized,,Individual Camp,,,
2024/DEL/Coll/436,2024-04-13 10:00:00,2024-04-13 14:00:00,Authorized,,Individual Camp,,,
2024/DEL/Coll/437,2024-04-20 10:00:00,2024-04-20 13:00:00,Authorized,,Individual Camp,,,
2024/DEL/Coll/438,2024-04-21 10:00:00,2024-04-21 13:00:00,Authorized,,Individual Camp,,,
2024/DEL/Coll/439,2024-05-04 10:30:00,2024-05-04 13:00:00,Authorized,,Individual Camp,,,
2024/DEL/Coll/440,2024-04-20 10:00:00,2024-04-20 13:00:00,Authorized,,Individual Camp,,,
2024/DEL/Coll/441,2024-05-05 10:00:00,2024-05-05 13:00:00,Authorized,,Individual Camp,,,
2024/DEL/Coll/442,2024-05-11 10:30:00,2024-05-11 13:00:00,Authorized,,Individual Camp,,,
2024/DEL/Coll/443,2024-05-24 10:00:00,2024-06-04 13:00:00,Authorized,,Individual Camp,,,
2024/DEL/Coll/444,2024-06-01 10:00:00,2024-06-01 13:00:00,Authorized,,Individual Camp,,,
2024/DEL/Coll/445,2024-06-02 18:00:00,2024-06-03 19:00:00,Authorized,,Individual Camp,,,
2024/DEL/Coll/446,2024-06-23 10:00:00,2024-06-23 14:00:00,Authorized,,Individual Camp,,,
2024/DEL/Coll/447,2024-06-08 10:00:00,2024-06-08 13:00:00,Authorized,,Individual Camp,,,
2024/DEL/Coll/448,2024-07-13 9:30:00,2024-07-13 12:30:00,Authorized,,Individual Camp,,,
2024/DEL/Coll/449,2024-07-13 13:00:00,2024-07-13 16:00:00,Authorized,,Individual Camp,,,
2024/DEL/Coll/450,2024-07-20 11:00:00,2024-07-20 13:30:00,Authorized,,Individual Camp,,,
2024/DEL/Coll/452,2024-07-20 10:00:00,2024-07-20 13:00:00,Authorized,,Individual Camp,,,
2024/DEL/Coll/453,2024-07-27 10:30:00,2024-07-27 13:30:00,Authorized,,Individual Camp,,,
2024/DEL/Coll/454,2024-08-03 10:00:00,2024-08-03 14:00:00,Authorized,,Individual Camp,,,
2024/DEL/Coll/455,2024-07-27 10:00:00,2024-07-27 14:00:00,Authorized,,Individual Camp,,,
2024/DEL/Coll/463,2024-07-28 13:00:00,2024-07-28 15:00:00,Authorized,,Individual Camp,,,
2024/DEL/Coll/467,2024-07-28 13:00:00,2024-07-28 15:00:00,Authorized,,Individual Camp,,,
2024/DEL/Coll/469,2024-08-03 10:00:00,2024-08-03 13:00:00,Authorized,,Individual Camp,,,
2024/DEL/Coll/470,2024-08-10 10:00:00,2024-08-10 14:00:00,Authorized,,Individual Camp,,,
2024/DEL/Coll/471,2024-08-10 10:00:00,2024-08-10 13:00:00,Authorized,,Individual Camp,,,
2024/DEL/Coll/472,2024-08-03 10:00:00,2024-08-03 13:00:00,Authorized,,Individual Camp,,,
2024/DEL/Coll/473,2024-08-24 10:30:00,2024-08-24 14:00:00,Authorized,,Individual Camp,,,
2024/DEL/Coll/474,2024-08-10 10:00:00,2024-08-10 13:00:00,Authorized,,Individual Camp,,,
2024/DEL/Coll/477,2024-08-11 10:00:00,2024-08-11 14:00:00,Authorized,,Individual Camp,,,
2024/DEL/Coll/478,2024-08-12 10:00:00,2024-08-20 13:00:00,Authorized,,Individual Camp,,,
2024/DEL/Coll/479,2024-08-24 10:00:00,2024-08-24 13:00:00,Authorized,,Individual Camp,,,
2024/DEL/Coll/480,2024-08-31 11:00:00,2024-08-31 14:00:00,Authorized,,Individual Camp,,,
2024/DEL/Coll/482,2024-08-31 14:00:00,2024-08-31 17:00:00,Authorized,,Individual Camp,,,
2024/DEL/Coll/483,2024-08-28 19:00:00,2024-08-29 22:00:00,Authorized,,Individual Camp,,,
2024/DEL/Coll/495,2024-09-01 10:00:00,2024-09-01 13:00:00,Authorized,,Individual Camp,,,
2024/GOA/CC/257,2024-10-05 9:00:00,2024-10-13 19:00:00,Authorized,,Individual Camp,,,
2024/GOA/CC/258,2024-10-05 10:00:00,2024-10-13 18:00:00,Authorized,,Individual Camp,,,
2024/GOA/CC/259,2024-10-05 10:00:00,2024-10-13 18:00:00,Authorized,,Individual Camp,,,
2024/GOA/CC/260,2024-10-05 10:00:00,2024-10-13 19:00:00,Authorized,,Individual Camp,,,
2024/GOA/CC/261,2024-10-05 10:00:00,2024-10-13 19:00:00,Authorized,,Individual Camp,,,
2024/GOA/CC/337,2024-10-24 9:00:00,2024-10-27 18:00:00,Authorized,,Individual Camp,,,
2024/GOA/CC/338,2024-10-24 11:00:00,2024-10-27 20:00:00,Authorized,,Individual Camp,,,
2024/GOA/CC/348,2024-10-24 10:00:00,2024-10-27 18:00:00,Authorized,,Individual Camp,,,
2024/GUJ/CC/461,2024-10-13 10:00:00,2024-10-27 20:00:00,Authorized,,Individual Camp,,,
2024/GUJ/CC/462,2024-10-13 10:00:00,2024-10-27 20:00:00,Authorized,,Individual Camp,,,
2024/GUJ/CC/463,2024-10-13 10:00:00,2024-10-27 20:00:00,Authorized,,Individual Camp,,,
2024/GUJ/CC/464,2024-10-13 10:00:00,2024-10-27 20:00:00,Authorized,,Individual Camp,,,
2024/GUJ/CC/465,2024-10-13 10:00:00,2024-10-27 20:00:00,Authorized,,Individual Camp,,,
2024/HMP/CC/305,2024-10-02 11:00:00,2024-10-08 14:00:00,Authorized,,Individual Camp,,,
2024/HRY/CC/107,2024-10-11 9:00:00,2024-10-13 18:00:00,Authorized,,Individual Camp,,,
2024/HRY/CC/109,2024-10-03 11:00:00,2024-10-05 14:00:00,Authorized,,Individual Camp,,,
2024/HRY/CC/113,2024-10-19 10:00:00,2024-10-19 14:00:00,Authorized,,Individual Camp,,,
2024/HRY/CC/117,2024-10-05 11:00:00,2024-10-06 14:00:00,Authorized,,Individual Camp,,,
2024/HRY/CC/128,2024-10-02 11:00:00,2024-10-02 14:00:00,Authorized,,Individual Camp,,,
2024/HRY/CC/135,2024-10-02 10:00:00,2024-10-02 14:00:00,Authorized,,Individual Camp,,,
2024/HRY/CC/144,2024-10-12 11:00:00,2024-10-12 14:00:00,Authorized,,Individual Camp,,,
2024/HRY/CC/145,2024-10-13 10:00:00,2024-10-13 13:00:00,Authorized,,Individual Camp,,,
2024/HRY/CC/163,2024-10-06 11:00:00,2024-10-06 14:00:00,Authorized,,Individual Camp,,,
2024/HRY/CC/195,2024-10-06 10:00:00,2024-10-06 14:00:00,Authorized,,Individual Camp,,,
2024/HRY/CC/212,2024-09-30 7:00:00,2024-10-01 19:00:00,Authorized,,Individual Camp,,,
2024/HRY/CC/266,2024-10-06 11:00:00,2024-10-06 14:00:00,Authorized,,Individual Camp,,,
2024/HRY/CC/307,2024-10-13 11:00:00,2024-10-13 14:00:00,Authorized,,Individual Camp,,,
2024/HRY/CC/38,2024-10-06 10:00:00,2024-10-06 14:00:00,Authorized,,Individual Camp,,,
2024/HRY/CC/387,2024-10-19 11:00:00,2024-10-27 12:00:00,Authorized,,Individual Camp,,,
2024/HRY/CC/393,2024-10-19 10:00:00,2024-10-19 14:00:00,Authorized,,Individual Camp,,,
2024/HRY/CC/420,2024-10-19 10:00:00,2024-10-20 19:00:00,Authorized,,Individual Camp,,,
2024/HRY/CC/481,2024-10-17 11:00:00,2024-10-19 14:00:00,Authorized,,Individual Camp,,,
2024/HRY/CC/488,2024-10-19 9:00:00,2024-10-26 19:00:00,Authorized,,Individual Camp,,,
2024/HRY/CC/495,2024-10-23 10:00:00,2024-10-23 12:30:00,Authorized,,Individual Camp,,,
2024/HRY/CC/51,2024-09-28 10:00:00,2024-09-28 13:00:00,Authorized,,Individual Camp,,,
2024/HRY/CC/527,2024-10-21 8:00:00,2024-10-21 20:00:00,Authorized,,Individual Camp,,,
2024/HRY/CC/59,2024-10-02 11:00:00,2024-10-02 14:00:00,Authorized,,Individual Camp,,,
2024/HRY/CC/74,2024-10-02 11:00:00,2024-10-02 14:00:00,Authorized,,Individual Camp,,,
2024/HRY/Coll/267,2024-04-06 10:00:00,2024-04-06 12:30:00,Authorized,,Individual Camp,,,
2024/HRY/Coll/268,2024-04-07 11:00:00,2024-04-07 14:00:00,Authorized,,Individual Camp,,,
2024/HRY/Coll/269,2024-04-04 10:00:00,2024-04-04 18:30:00,Authorized,,Individual Camp,,,
2024/HRY/Coll/270,2024-04-06 11:00:00,2024-04-06 14:00:00,Authorized,,Individual Camp,,,
2024/HRY/Coll/271,2024-04-06 10:00:00,2024-04-06 14:00:00,Authorized,,Individual Camp,,,
2024/HRY/Coll/272,2024-04-13 10:00:00,2024-04-13 13:00:00,Authorized,,Individual Camp,,,
2024/HRY/Coll/275,2024-04-13 10:30:00,2024-04-13 13:30:00,Authorized,,Individual Camp,,,
2024/HRY/Coll/276,2024-04-18 8:00:00,2024-04-20 18:00:00,Authorized,,Individual Camp,,,
2024/HRY/Coll/277,2024-04-20 10:00:00,2024-04-20 13:00:00,Authorized,,Individual Camp,,,
2024/HRY/Coll/278,2024-05-04 22:00:00,2024-05-04 14:30:00,Authorized,,Individual Camp,,,
2024/HRY/Coll/279,2024-05-04 11:00:00,2024-05-04 14:00:00,Authorized,,Individual Camp,,,
2024/HRY/Coll/280,2024-05-05 11:00:00,2024-05-05 14:00:00,Authorized,,Individual Camp,,,
2024/HRY/Coll/281,2024-05-04 10:00:00,2024-05-04 13:00:00,Authorized,,Individual Camp,,,
2024/HRY/Coll/282,2024-05-04 10:00:00,2024-05-04 14:00:00,Authorized,,Individual Camp,,,
2024/HRY/Coll/283,2024-05-11 11:00:00,2024-05-11 14:00:00,Authorized,,Individual Camp,,,
2024/HRY/Coll/284,2024-05-11 10:00:00,2024-05-11 13:00:00,Authorized,,Individual Camp,,,
2024/HRY/Coll/285,2024-06-01 10:00:00,2024-06-01 13:00:00,Authorized,,Individual Camp,,,
2024/HRY/Coll/286,2024-06-12 10:00:00,2024-06-12 13:00:00,Authorized,,Individual Camp,,,
2024/HRY/Coll/287,2024-07-07 10:00:00,2024-07-07 14:00:00,Authorized,,Individual Camp,,,
2024/HRY/Coll/288,2024-07-06 10:00:00,2024-07-07 20:00:00,Authorized,,Individual Camp,,,
2024/HRY/Coll/289,2024-07-13 11:00:00,2024-07-13 14:00:00,Authorized,,Individual Camp,,,
2024/HRY/Coll/290,2024-08-04 10:00:00,2024-08-04 14:00:00,Authorized,,Individual Camp,,,
2024/HRY/Coll/294,2024-08-10 10:00:00,2024-08-10 14:00:00,Authorized,,Individual Camp,,,
2024/HRY/Coll/295,2024-08-10 11:00:00,2024-08-10 13:00:00,Authorized,,Individual Camp,,,
2024/HRY/Coll/296,2024-08-10 11:00:00,2024-08-10 14:00:00,Authorized,,Individual Camp,,,
2024/HRY/Coll/298,2024-08-31 10:00:00,2024-08-31 13:00:00,Authorized,,Individual Camp,,,
2024/JRD/CC/569,2024-10-21 11:00:00,2024-10-27 15:00:00,Authorized,,Individual Camp,,,
2024/JRD/CC/590,2024-10-23 11:00:00,2024-10-27 15:00:00,Authorized,,Individual Camp,,,
2024/JRD/CC/597,2024-10-27 11:00:00,2024-10-27 14:00:00,Authorized,,Individual Camp,,,
2024/KAR/CC/218,2024-10-23 8:00:00,2024-10-25 20:00:00,Authorized,,Individual Camp,,,
2024/KAR/CC/249,2024-10-13 8:00:00,2024-10-16 20:00:00,Authorized,,Individual Camp,,,
2024/KAR/CC/250,2024-10-02 8:00:00,2024-10-04 20:00:00,Authorized,,Individual Camp,,,
2024/KAR/CC/281,2024-10-05 8:00:00,2024-10-06 20:00:00,Authorized,Planned,Individual Camp,,,
2024/KAR/CC/282,2024-10-13 11:00:00,2024-10-26 14:00:00,Authorized,,Individual Camp,,,
2024/KAR/CC/313,2024-10-08 8:00:00,2024-10-22 20:00:00,Authorized,,Individual Camp,,,
2024/KAR/CC/349,2024-10-19 8:00:00,2024-10-21 8:00:00,Authorized,,Individual Camp,,,
2024/KAR/CC/352,2024-10-09 8:00:00,2024-10-13 20:00:00,Authorized,,Individual Camp,,,
2024/KAR/CC/356,2024-10-21 8:00:00,2024-10-26 20:00:00,Authorized,,Individual Camp,,,
2024/KAR/CC/403,2024-10-19 10:00:00,2024-10-20 15:00:00,Authorized,,Individual Camp,,,
2024/KAR/CC/427,2024-10-19 11:00:00,2024-10-19 14:00:00,Authorized,,Individual Camp,,,
2024/KAR/CC/479,2024-10-14 10:00:00,2024-11-01 17:00:00,Authorized,,Individual Camp,,,
2024/KAR/CC/482,2024-10-19 10:00:00,2024-10-20 17:00:00,Authorized,,Individual Camp,,,
2024/KAR/CC/502,2024-10-23 13:00:00,2024-10-23 16:00:00,Authorized,,Individual Camp,,,
2024/KAR/CC/508,2024-10-19 10:00:00,2024-10-25 17:00:00,Authorized,,Individual Camp,,,
2024/KAR/CC/517,2024-10-02 10:00:00,2024-10-20 17:00:00,Authorized,,Individual Camp,,,
2024/KAR/CC/528,2024-10-20 10:00:00,2024-10-27 17:00:00,Authorized,,Individual Camp,,,
2024/KAR/CC/530,2024-10-26 10:00:00,2024-10-26 17:00:00,Authorized,,Individual Camp,,,
2024/KAR/CC/539,2024-10-02 10:00:00,2024-10-18 17:00:00,Authorized,,Individual Camp,,,
2024/KAR/Coll/319,2024-04-14 10:00:00,2024-04-14 13:00:00,Authorized,,Individual Camp,,,
2024/KAR/Coll/321,2024-04-15 10:00:00,2024-04-20 17:00:00,Authorized,,Individual Camp,,,
2024/KAR/Coll/331,2024-06-15 10:00:00,2024-06-15 14:00:00,Authorized,,Individual Camp,,,
2024/KAR/Coll/335,2024-06-22 10:30:00,2024-06-22 16:30:00,Authorized,,Individual Camp,,,
2024/KAR/Coll/338,2024-07-27 8:00:00,2024-07-28 17:00:00,Authorized,,Individual Camp,,,
2024/KAR/Coll/339,2024-08-25 10:00:00,2024-08-25 14:30:00,Authorized,,Individual Camp,,,
2024/KER/CC/146,2024-10-02 10:00:00,2024-10-02 16:00:00,Authorized,,Individual Camp,,,
2024/KER/CC/271,2024-10-02 10:00:00,2024-10-02 12:00:00,Authorized,,Individual Camp,,,
2024/KER/CC/296,2024-10-07 11:00:00,2024-10-31 17:00:00,Authorized,,Individual Camp,,,
2024/KER/Coll/210,2024-05-03 15:00:00,2024-05-03 17:00:00,Authorized,,Individual Camp,,,
2024/KER/Coll/214,2024-06-07 15:00:00,2024-06-07 17:30:00,Authorized,,Individual Camp,,,
2024/KER/Coll/218,2024-07-05 15:00:00,2024-07-05 17:00:00,Authorized,,Individual Camp,,,
2024/MHR/CC/114,2024-10-20 10:00:00,2024-10-20 13:00:00,Authorized,,Individual Camp,,,
2024/MHR/CC/166,2024-10-06 10:00:00,2024-10-06 13:00:00,Authorized,,Individual Camp,,,
2024/MHR/CC/224,2024-10-02 11:00:00,2024-10-02 14:00:00,Authorized,,Individual Camp,,,
2024/MHR/CC/268,2024-10-02 10:30:00,2024-10-02 12:30:00,Authorized,,Individual Camp,,,
2024/MHR/CC/297,2024-10-02 11:00:00,2024-10-31 14:00:00,Authorized,,Individual Camp,,,
2024/MHR/CC/302,2024-10-20 10:00:00,2024-10-20 13:00:00,Authorized,,Individual Camp,,,
2024/MHR/CC/31,2024-10-19 10:00:00,2024-10-19 13:00:00,Authorized,,Individual Camp,,,
2024/MHR/CC/33,2024-10-05 11:00:00,2024-10-05 14:00:00,Authorized,,Individual Camp,,,
2024/MHR/CC/451,2024-10-12 14:00:00,2024-10-20 18:00:00,Authorized,,Individual Camp,,,
2024/MHR/CC/452,2024-10-12 11:00:00,2024-10-20 14:00:00,Authorized,,Individual Camp,,,
2024/MHR/CC/453,2024-10-12 9:00:00,2024-10-20 17:00:00,Authorized,,Individual Camp,,,
2024/MHR/CC/454,2024-10-12 10:00:00,2024-10-20 20:00:00,Authorized,,Individual Camp,,,
2024/MHR/CC/455,2024-10-12 9:00:00,2024-10-20 17:00:00,Authorized,,Individual Camp,,,
2024/MHR/CC/456,2024-10-12 8:00:00,2024-10-20 16:00:00,Authorized,,Individual Camp,,,
2024/MHR/CC/457,2024-10-12 11:00:00,2024-10-20 20:00:00,Authorized,,Individual Camp,,,
2024/MHR/CC/458,2024-10-12 11:00:00,2024-10-20 20:00:00,Authorized,,Individual Camp,,,
2024/MHR/CC/459,2024-10-12 6:00:00,2024-10-20 8:00:00,Authorized,,Individual Camp,,,
2024/MHR/CC/460,2024-10-12 6:00:00,2024-10-20 8:00:00,Authorized,,Individual Camp,,,
2024/MHR/CC/86,2024-10-12 11:00:00,2024-10-12 14:00:00,Authorized,,Individual Camp,,,
2024/MHR/CC/92,2024-10-03 9:00:00,2024-10-11 18:00:00,Authorized,,Individual Camp,,,
2024/MHR/CC/94,2024-10-01 9:00:00,2024-10-31 18:00:00,Authorized,,Individual Camp,,,
2024/MHR/CC/96,2024-10-06 9:00:00,2024-10-06 12:30:00,Authorized,,Individual Camp,,,
2024/MHR/Coll/936,2024-04-13 10:00:00,2024-04-30 20:00:00,Authorized,,Individual Camp,,,
2024/MHR/Coll/981,2024-07-20 10:00:00,2024-07-20 12:00:00,Authorized,,Individual Camp,,,
2024/MHR/UNKNOWN/466,2024-10-19 11:00:00,2024-10-20 18:00:00,Authorized,,Individual Camp,,,
2024/MPR/Coll/036,2024-08-24 10:00:00,2024-08-24 15:00:00,Authorized,,Individual Camp,,,
2024/RAJ/CC/595,2024-10-22 12:00:00,2024-11-30 17:00:00,Authorized,,Individual Camp,,,
2024/RAJ/Coll/031,2024-06-02 8:00:00,2024-06-02 11:00:00,Authorized,,Individual Camp,,,
2024/TLG/CC/138,2024-10-19 11:00:00,2024-10-19 14:00:00,Authorized,,Individual Camp,,,
2024/TLG/Coll/000512,2024-04-06 10:00:00,2024-04-06 14:00:00,Authorized,,Individual Camp,,,
2024/TLG/Coll/514,2024-04-06 11:30:00,2024-04-06 13:15:00,Authorized,,Individual Camp,,,
2024/TLG/Coll/515,2024-04-06 11:15:00,2024-04-06 15:00:00,Authorized,,Individual Camp,,,
2024/TLG/Coll/516,2024-04-06 11:00:00,2024-04-06 16:15:00,Authorized,,Individual Camp,,,
2024/TLG/Coll/517,2024-04-13 10:00:00,2024-04-13 15:00:00,Authorized,,Individual Camp,,,
2024/TLG/Coll/519,2024-04-20 10:00:00,2024-04-20 14:00:00,Authorized,,Individual Camp,,,
2024/TLG/Coll/520,2024-04-20 10:00:00,2024-04-20 14:30:00,Authorized,,Individual Camp,,,
2024/TLG/Coll/521,2024-04-27 10:00:00,2024-04-27 15:30:00,Authorized,,Individual Camp,,,
2024/TLG/Coll/522,2024-04-13 10:00:00,2024-04-20 14:00:00,Authorized,,Individual Camp,,,
2024/TLG/Coll/523,2024-04-14 13:00:00,2024-04-21 15:00:00,Authorized,,Individual Camp,,,
2024/TLG/Coll/524,2024-04-05 10:00:00,2024-04-07 16:00:00,Authorized,,Individual Camp,,,
2024/TLG/Coll/525,2024-04-05 10:00:00,2024-04-07 15:00:00,Authorized,,Individual Camp,,,
2024/TLG/Coll/526,2024-05-25 11:00:00,2024-05-25 16:15:00,Authorized,,Individual Camp,,,
2024/TLG/Coll/527,2024-05-25 11:00:00,2024-05-25 15:00:00,Authorized,,Individual Camp,,,
2024/TLG/Coll/528,2024-05-16 11:00:00,2024-05-18 14:00:00,Authorized,,Individual Camp,,,
2024/TLG/Coll/530,2024-06-29 10:00:00,2024-06-29 14:45:00,Authorized,,Individual Camp,,,
2024/TLG/Coll/531,2024-06-22 10:00:00,2024-06-22 13:30:00,Authorized,,Individual Camp,,,
2024/TLG/Coll/532,2024-06-23 10:00:00,2024-06-23 14:00:00,Authorized,,Individual Camp,,,
2024/TLG/Coll/533,2024-06-08 9:00:00,2024-06-08 13:00:00,Authorized,,Individual Camp,,,
2024/TLG/Coll/534,2024-06-08 10:00:00,2024-06-08 13:00:00,Authorized,,Individual Camp,,,
2024/TLG/Coll/535,2024-06-16 10:45:00,2024-06-16 14:00:00,Authorized,,Individual Camp,,,
2024/TLG/Coll/536,2024-06-15 9:30:00,2024-06-15 15:00:00,Authorized,,Individual Camp,,,
2024/TLG/Coll/537,2024-06-20 11:00:00,2024-06-28 15:00:00,Authorized,,Individual Camp,,,
2024/TLG/Coll/538,2024-06-08 10:00:00,2024-06-15 16:00:00,Authorized,,Individual Camp,,,
2024/TLG/Coll/539,2024-07-13 10:45:00,2024-07-13 1:00:00,Authorized,,Individual Camp,,,
2024/TLG/Coll/540,2024-07-06 10:45:00,2024-07-06 2:00:00,Authorized,,Individual Camp,,,
2024/TLG/Coll/541,2024-07-06 10:50:00,2024-07-06 14:00:00,Authorized,,Individual Camp,,,
2024/TLG/Coll/542,2024-07-13 10:50:00,2024-07-13 14:00:00,Authorized,,Individual Camp,,,
2024/TLG/Coll/543,2024-07-20 10:50:00,2024-07-20 14:00:00,Authorized,,Individual Camp,,,
2024/TLG/Coll/544,2024-07-20 10:30:00,2024-07-20 14:00:00,Authorized,,Individual Camp,,,
2024/TLG/Coll/545,2024-07-20 10:50:00,2024-07-20 14:00:00,Authorized,,Individual Camp,,,
2024/TLG/Coll/546,2024-07-16 10:50:00,2024-07-16 14:00:00,Authorized,,Individual Camp,,,
2024/TLG/Coll/547,2024-07-20 10:55:00,2024-07-20 14:00:00,Authorized,,Individual Camp,,,
2024/TLG/Coll/548,2024-07-20 10:45:00,2024-07-20 2:00:00,Authorized,,Individual Camp,,,
2024/TLG/Coll/549,2024-07-20 10:30:00,2024-07-20 14:00:00,Authorized,,Individual Camp,,,
2024/TLG/Coll/550,2024-07-20 10:45:00,2024-07-20 14:00:00,Authorized,,Individual Camp,,,
2024/TLG/Coll/551,2024-07-28 10:30:00,2024-07-28 14:00:00,Authorized,,Individual Camp,,,
2024/TLG/Coll/552,2024-07-13 10:50:00,2024-07-13 14:00:00,Authorized,,Individual Camp,,,
2024/TLG/Coll/553,2024-07-13 10:40:00,2024-07-13 2:00:00,Authorized,,Individual Camp,,,
2024/TLG/Coll/556,2024-08-03 10:30:00,2024-08-03 2:00:00,Authorized,,Individual Camp,,,
2024/TLG/Coll/557,2024-08-03 10:50:00,2024-08-03 2:00:00,Authorized,,Individual Camp,,,
2024/TLG/Coll/558,2024-08-10 10:50:00,2024-08-10 2:00:00,Authorized,,Individual Camp,,,
2024/TLG/Coll/559,2024-08-10 11:00:00,2024-08-10 2:00:00,Authorized,,Individual Camp,,,
2024/TLG/Coll/560,2024-08-09 11:00:00,2024-08-09 2:00:00,Authorized,,Individual Camp,,,
2024/TLG/Coll/561,2024-08-16 11:00:00,2024-08-16 2:00:00,Authorized,,Individual Camp,,,
2024/TLG/Coll/562,2024-08-12 10:30:00,2024-08-12 2:00:00,Authorized,,Individual Camp,,,
2024/TLG/Coll/563,2024-08-15 11:00:00,2024-08-25 2:00:00,Authorized,,Individual Camp,,,
2024/TLG/Coll/564,2024-08-01 11:00:00,2024-08-31 5:00:00,Authorized,,Individual Camp,,,
2024/TLG/Coll/565,2024-08-20 10:30:00,2024-08-20 1:15:00,Authorized,,Individual Camp,,,
2024/TLG/Coll/566,2024-08-14 11:00:00,2024-08-25 8:00:00,Authorized,,Individual Camp,,,
2024/TLG/Coll/568,2024-08-31 10:30:00,2024-08-31 2:00:00,Authorized,,Individual Camp,,,
2024/TLG/Coll/569,2024-08-31 10:30:00,2024-08-31 2:00:00,Authorized,,Individual Camp,,,
2024/TLG/Coll/570,2024-08-31 10:30:00,2024-08-31 2:00:00,Authorized,,Individual Camp,,,
2024/TND/CC/103,2024-10-02 11:00:00,2024-10-02 16:00:00,Authorized,,Individual Camp,,,
2024/TND/CC/160,2024-10-06 11:00:00,2024-10-06 17:00:00,Authorized,,Individual Camp,,,
2024/TND/CC/216,2024-10-02 10:00:00,2024-10-02 16:00:00,Authorized,,Individual Camp,,,
2024/TND/CC/245,2024-10-06 10:00:00,2024-10-06 16:00:00,Authorized,,Individual Camp,,,
2024/TND/CC/253,2024-10-02 10:00:00,2024-10-02 17:00:00,Authorized,,Individual Camp,,,
2024/TND/CC/317,2024-10-20 11:00:00,2024-10-20 16:00:00,Authorized,,Individual Camp,,,
2024/TND/CC/322,2024-10-20 10:00:00,2024-10-20 14:00:00,Authorized,,Individual Camp,,,
2024/TND/CC/363,2024-10-20 10:00:00,2024-10-20 16:00:00,Authorized,,Individual Camp,,,
2024/TND/CC/413,2024-10-19 10:00:00,2024-10-19 13:00:00,Authorized,,Individual Camp,,,
2024/TND/CC/419,2024-10-19 10:00:00,2024-10-20 16:00:00,Authorized,,Individual Camp,,,
2024/TND/CC/474,2024-10-20 11:00:00,2024-10-20 16:00:00,Authorized,,Individual Camp,,,
2024/TND/CC/68,2024-10-02 10:00:00,2024-10-02 15:00:00,Authorized,,Individual Camp,,,
2024/TND/Coll/527,2024-04-13 9:00:00,2024-04-14 17:00:00,Authorized,,Individual Camp,,,
2024/TND/Coll/528,2024-04-27 10:00:00,2024-04-28 18:00:00,Authorized,,Individual Camp,,,
2024/TND/Coll/530,2024-04-01 9:00:00,2024-04-05 6:00:00,Authorized,,Individual Camp,,,
2024/TND/Coll/531,2024-04-20 10:00:00,2024-04-20 16:30:00,Authorized,,Individual Camp,,,
2024/TND/Coll/532,2024-04-21 12:00:00,2024-04-21 16:00:00,Authorized,,Individual Camp,,,
2024/TND/Coll/540,2024-04-25 10:00:00,2024-04-25 15:00:00,Authorized,,Individual Camp,,,
2024/TND/Coll/544,2024-05-19 11:00:00,2024-05-19 16:00:00,Authorized,,Individual Camp,,,
2024/TND/Coll/549,2024-05-05 10:00:00,2024-05-05 17:00:00,Authorized,,Individual Camp,,,
2024/TND/Coll/552,2024-06-02 10:00:00,2024-06-02 16:00:00,Authorized,,Individual Camp,,,
2024/TND/Coll/553,2024-06-08 10:00:00,2024-06-08 16:00:00,Authorized,,Individual Camp,,,
2024/TND/Coll/557,2024-06-15 10:00:00,2024-06-16 16:00:00,Authorized,,Individual Camp,,,
2024/TND/Coll/559,2024-06-15 10:00:00,2024-06-17 17:00:00,Authorized,,Individual Camp,,,
2024/TND/Coll/561,2024-07-14 9:00:00,2024-07-14 16:00:00,Authorized,,Individual Camp,,,
2024/TND/Coll/562,2024-07-07 10:00:00,2024-07-07 16:00:00,Authorized,,Individual Camp,,,
2024/TND/Coll/564,2024-06-17 10:00:00,2024-06-18 17:00:00,Authorized,,Individual Camp,,,
2024/TND/Coll/565,2024-06-22 10:00:00,2024-06-22 13:00:00,Authorized,,Individual Camp,,,
2024/TND/Coll/566,2024-07-14 10:00:00,2024-07-14 16:00:00,Authorized,,Individual Camp,,,
2024/TND/Coll/567,2024-07-06 10:00:00,2024-07-07 19:00:00,Authorized,,Individual Camp,,,
2024/TND/Coll/568,2024-07-14 11:00:00,2024-07-14 16:00:00,Authorized,,Individual Camp,,,
2024/TND/Coll/572,2024-07-26 11:00:00,2024-07-27 17:00:00,Authorized,,Individual Camp,,,
2024/TND/Coll/574,2024-08-05 10:00:00,2024-08-05 16:00:00,Authorized,,Individual Camp,,,
2024/TND/Coll/580,2024-08-25 11:00:00,2024-08-25 15:00:00,Authorized,,Individual Camp,,,
2024/TND/Coll/581,2024-08-04 10:00:00,2024-08-04 16:00:00,Authorized,,Individual Camp,,,
2024/TND/Coll/582,2024-08-17 11:00:00,2024-08-17 16:00:00,Authorized,,Individual Camp,,,
2024/TND/Coll/583,2024-08-15 9:00:00,2024-08-15 12:00:00,Authorized,,Individual Camp,,,
2024/TND/Coll/586,2024-08-31 10:30:00,2024-08-31 16:00:00,Authorized,,Individual Camp,,,
2024/TND/Coll/590,2024-08-26 9:00:00,2024-08-30 19:00:00,Authorized,,Individual Camp,,,
2024/UPD/CC/120,2024-10-05 11:00:00,2024-10-05 14:00:00,Authorized,,Individual Camp,,,
2024/UPD/CC/129,2024-10-06 10:00:00,2024-10-06 13:00:00,Authorized,,Individual Camp,,,
2024/UPD/CC/132,2024-10-13 11:00:00,2024-10-13 13:00:00,Authorized,,Individual Camp,,,
2024/UPD/CC/133,2024-10-13 10:00:00,2024-10-13 15:00:00,Authorized,,Individual Camp,,,
2024/UPD/CC/143,2024-10-19 10:00:00,2024-10-19 13:00:00,Authorized,,Individual Camp,,,
2024/UPD/CC/186,2024-10-02 10:00:00,2024-10-02 13:00:00,Authorized,,Individual Camp,,,
2024/UPD/CC/194,2024-10-06 10:00:00,2024-10-06 14:00:00,Authorized,,Individual Camp,,,
2024/UPD/CC/205,2024-10-13 10:00:00,2024-10-13 13:00:00,Authorized,,Individual Camp,,,
2024/UPD/CC/210,2024-10-13 11:00:00,2024-10-13 14:00:00,Authorized,,Individual Camp,,,
2024/UPD/CC/223,2024-10-02 10:00:00,2024-10-08 17:00:00,Authorized,,Individual Camp,,,
2024/UPD/CC/227,2024-10-13 11:00:00,2024-10-13 14:00:00,Authorized,,Individual Camp,,,
2024/UPD/CC/244,2024-10-15 10:00:00,2024-10-15 14:00:00,Authorized,,Individual Camp,,,
2024/UPD/CC/246,2024-10-15 10:30:00,2024-10-15 14:00:00,Authorized,,Individual Camp,,,
2024/UPD/CC/248,2024-10-15 12:00:00,2024-10-15 16:00:00,Authorized,,Individual Camp,,,
2024/UPD/CC/270,2024-10-19 11:00:00,2024-10-27 14:00:00,Authorized,,Individual Camp,,,
2024/UPD/CC/284,2024-10-19 11:00:00,2024-10-27 14:00:00,Authorized,,Individual Camp,,,
2024/UPD/CC/285,2024-10-19 11:00:00,2024-10-27 14:00:00,Authorized,,Individual Camp,,,
2024/UPD/CC/287,2024-10-15 10:00:00,2024-10-15 13:00:00,Authorized,,Individual Camp,,,
2024/UPD/CC/295,2024-10-15 10:00:00,2024-10-15 13:00:00,Authorized,,Individual Camp,,,
2024/UPD/CC/331,2024-10-19 10:00:00,2024-10-19 12:00:00,Authorized,,Individual Camp,,,
2024/UPD/CC/340,2024-10-05 10:00:00,2024-10-05 12:00:00,Authorized,,Individual Camp,,,
2024/UPD/CC/359,2024-10-19 10:00:00,2024-10-19 14:30:00,Authorized,,Individual Camp,,,
2024/UPD/CC/37,2024-10-02 11:00:00,2024-10-02 14:00:00,Authorized,,Individual Camp,,,
2024/UPD/CC/40,2024-10-02 10:00:00,2024-10-03 15:00:00,Authorized,,Individual Camp,,,
2024/UPD/CC/405,2024-10-19 10:00:00,2024-10-19 12:30:00,Authorized,,Individual Camp,,,
2024/UPD/CC/434,2024-10-19 9:00:00,2024-10-20 20:00:00,Authorized,,Individual Camp,,,
2024/UPD/CC/52,2024-10-05 11:00:00,2024-10-05 14:00:00,Authorized,,Individual Camp,,,
2024/UPD/CC/525,2024-10-19 11:00:00,2024-10-19 14:00:00,Authorized,,Individual Camp,,,
2024/UPD/CC/537,2024-10-19 11:00:00,2024-10-27 14:00:00,Authorized,,Individual Camp,,,
2024/UPD/CC/544,2024-10-19 11:00:00,2024-10-19 14:00:00,Authorized,,Individual Camp,,,
2024/UPD/CC/58,2024-10-02 11:00:00,2024-10-02 13:30:00,Authorized,,Individual Camp,,,
2024/UPD/CC/603,2024-10-27 8:00:00,2024-10-27 20:00:00,Authorized,,Individual Camp,,,
2024/UPD/CC/63,2024-10-06 10:00:00,2024-10-06 14:00:00,Authorized,,Individual Camp,,,
2024/UPD/Coll/393,2024-04-13 10:00:00,2024-04-13 13:00:00,Authorized,,Individual Camp,,,
2024/UPD/Coll/394,2024-04-06 11:00:00,2024-04-06 14:00:00,Authorized,,Individual Camp,,,
2024/UPD/Coll/395,2024-04-06 11:00:00,2024-04-06 14:00:00,Authorized,,Individual Camp,,,
2024/UPD/Coll/397,2024-04-07 10:00:00,2024-04-07 14:00:00,Authorized,,Individual Camp,,,
2024/UPD/Coll/398,2024-04-14 10:00:00,2024-04-14 13:00:00,Authorized,,Individual Camp,,,
2024/UPD/Coll/399,2024-04-13 11:00:00,2024-04-13 14:00:00,Authorized,,Individual Camp,,,
2024/UPD/Coll/401,2024-04-07 10:00:00,2024-04-07 13:00:00,Authorized,,Individual Camp,,,
2024/UPD/Coll/402,2024-04-19 10:00:00,2024-04-21 13:00:00,Authorized,,Individual Camp,,,
2024/UPD/Coll/403,2024-04-13 11:00:00,2024-04-13 13:00:00,Authorized,,Individual Camp,,,
2024/UPD/Coll/404,2024-04-14 10:30:00,2024-04-14 14:00:00,Authorized,,Individual Camp,,,
2024/UPD/Coll/405,2024-04-13 10:30:00,2024-04-13 14:00:00,Authorized,,Individual Camp,,,
2024/UPD/Coll/406,2024-04-21 10:00:00,2024-04-21 12:00:00,Authorized,,Individual Camp,,,
2024/UPD/Coll/407,2024-04-20 10:00:00,2024-04-20 13:00:00,Authorized,,Individual Camp,,,
2024/UPD/Coll/408,2024-05-04 10:00:00,2024-05-05 1:00:00,Authorized,,Individual Camp,,,
2024/UPD/Coll/409,2024-05-04 10:00:00,2024-05-04 13:00:00,Authorized,,Individual Camp,,,
2024/UPD/Coll/410,2024-05-04 11:00:00,2024-05-04 14:00:00,Authorized,,Individual Camp,,,
2024/UPD/Coll/411,2024-05-18 10:00:00,2024-05-18 13:00:00,Authorized,,Individual Camp,,,
2024/UPD/Coll/412,2024-05-26 9:00:00,2024-05-26 0:30:00,Authorized,,Individual Camp,,,
2024/UPD/Coll/413,2024-06-08 10:00:00,2024-06-08 14:00:00,Authorized,,Individual Camp,,,
2024/UPD/Coll/414,2024-05-26 10:00:00,2024-05-26 15:00:00,Authorized,,Individual Camp,,,
2024/UPD/Coll/415,2024-06-01 9:00:00,2024-06-01 12:00:00,Authorized,,Individual Camp,,,
2024/UPD/Coll/416,2024-06-09 10:00:00,2024-06-09 14:00:00,Authorized,,Individual Camp,,,
2024/UPD/Coll/419,2024-06-16 22:30:00,2024-06-23 13:00:00,Authorized,,Individual Camp,,,
2024/UPD/Coll/420,2024-06-15 9:30:00,2024-06-15 12:30:00,Authorized,,Individual Camp,,,
2024/UPD/Coll/421,2024-06-29 11:00:00,2024-06-29 14:00:00,Authorized,,Individual Camp,,,
2024/UPD/Coll/422,2024-06-22 10:00:00,2024-06-22 13:00:00,Authorized,,Individual Camp,,,
2024/UPD/Coll/423,2024-07-06 10:00:00,2024-07-06 13:00:00,Authorized,,Individual Camp,,,
2024/UPD/Coll/425,2024-07-01 10:00:00,2024-07-31 18:00:00,Authorized,,Individual Camp,,,
2024/UPD/Coll/427,2024-07-13 10:00:00,2024-07-13 13:00:00,Authorized,,Individual Camp,,,
2024/UPD/Coll/429,2024-07-14 10:00:00,2024-07-14 13:00:00,Authorized,,Individual Camp,,,
2024/UPD/Coll/430,2024-07-20 10:00:00,2024-07-20 13:00:00,Authorized,,Individual Camp,,,
2024/UPD/Coll/432,2024-07-20 11:00:00,2024-07-20 14:00:00,Authorized,,Individual Camp,,,
2024/UPD/Coll/433,2024-07-27 10:00:00,2024-07-27 12:00:00,Authorized,,Individual Camp,,,
2024/UPD/Coll/434,2024-08-10 10:00:00,2024-08-10 13:00:00,Authorized,,Individual Camp,,,
2024/UPD/Coll/436,2024-07-27 11:00:00,2024-07-27 14:00:00,Authorized,,Individual Camp,,,
2024/UPD/Coll/441,2024-08-03 10:00:00,2024-08-03 13:00:00,Authorized,,Individual Camp,,,
2024/UPD/Coll/442,2024-08-10 10:00:00,2024-08-10 13:00:00,Authorized,,Individual Camp,,,
2024/UPD/Coll/446,2024-08-24 10:00:00,2024-08-24 13:00:00,Authorized,,Individual Camp,,,
2024/UPD/Coll/447,2024-08-31 11:00:00,2024-08-31 14:00:00,Authorized,,Individual Camp,,,
2024/UPD/Coll/448,2024-08-31 11:00:00,2024-08-31 14:00:00,Authorized,,Individual Camp,,,
2024/UTR/CC/123,2024-10-02 11:00:00,2024-10-02 14:00:00,Authorized,,Individual Camp,,,
2024/UTR/CC/124,2024-10-16 11:00:00,2024-10-16 15:00:00,Authorized,,Individual Camp,,,
2024/UTR/CC/150,2024-10-02 11:00:00,2024-10-02 15:00:00,Authorized,,Individual Camp,,,
2024/UTR/CC/151,2024-10-06 23:00:00,2024-10-06 14:00:00,Authorized,,Individual Camp,,,
2024/UTR/CC/154,2024-10-02 11:00:00,2024-10-02 14:00:00,Authorized,,Individual Camp,,,
2024/UTR/CC/155,2024-10-17 16:00:00,2024-10-17 18:00:00,Authorized,,Individual Camp,,,
2024/UTR/CC/233,2024-10-06 11:00:00,2024-10-06 14:00:00,Authorized,,Individual Camp,,,
2024/UTR/CC/235,2024-10-12 12:00:00,2024-10-12 16:00:00,Authorized,,Individual Camp,,,
2024/UTR/CC/241,2024-10-17 11:00:00,2024-10-17 14:00:00,Authorized,,Individual Camp,,,
2024/UTR/CC/332,2024-10-14 11:00:00,2024-10-14 14:00:00,Authorized,,Individual Camp,,,
2024/UTR/CC/354,2024-10-19 11:00:00,2024-10-19 14:00:00,Authorized,,Individual Camp,,,
2024/UTR/CC/358,2024-10-13 11:00:00,2024-10-13 14:00:00,Authorized,,Individual Camp,,,
2024/UTR/CC/382,2024-10-15 10:00:00,2024-10-25 16:00:00,Authorized,,Individual Camp,,,
2024/UTR/CC/385,2024-10-12 18:30:00,2024-10-12 20:00:00,Authorized,,Individual Camp,,,
2024/UTR/CC/428,2024-10-15 11:00:00,2024-10-15 16:00:00,Authorized,,Individual Camp,,,
2024/UTR/CC/484,2024-10-21 11:00:00,2024-10-21 14:00:00,Authorized,,Individual Camp,,,
2024/UTR/CC/533,2024-10-23 11:00:00,2024-10-23 15:00:00,Authorized,,Individual Camp,,,
2024/UTR/CC/5501,2024-12-31 11:00:00,2024-12-31 14:00:00,Authorized,Planned,Individual Camp,,,
2024/UTR/Coll/214,2024-04-04 11:00:00,2024-04-04 16:00:00,Authorized,,Individual Camp,,,
2024/UTR/Coll/216,2024-04-06 11:00:00,2024-04-06 15:00:00,Authorized,,Individual Camp,,,
2024/UTR/Coll/218,2024-04-08 10:30:00,2024-04-08 14:30:00,Authorized,,Individual Camp,,,
2024/UTR/Coll/220,2024-04-14 11:00:00,2024-04-14 14:00:00,Authorized,,Individual Camp,,,
2024/UTR/Coll/221,2024-04-16 11:00:00,2024-04-16 15:00:00,Authorized,,Individual Camp,,,
2024/UTR/Coll/222,2024-04-14 12:00:00,2024-04-14 15:00:00,Authorized,,Individual Camp,,,
2024/UTR/Coll/223,2024-04-13 14:00:00,2024-04-13 17:00:00,Authorized,,Individual Camp,,,
2024/UTR/Coll/227,2024-05-16 10:30:00,2024-05-17 4:30:00,Authorized,,Individual Camp,,,
2024/UTR/Coll/233,2024-06-20 11:00:00,2024-06-20 15:00:00,Authorized,,Individual Camp,,,
2024/UTR/Coll/238,2024-07-14 11:00:00,2024-07-14 15:00:00,Authorized,,Individual Camp,,,
2024/UTR/Coll/242,2024-08-08 11:00:00,2024-08-08 15:00:00,Authorized,,Individual Camp,,,
2024/UTR/Coll/245,2024-08-21 11:00:00,2024-08-21 15:00:00,Authorized,,Individual Camp,,,
2024/UTR/Coll/247,2024-08-13 10:30:00,2024-08-13 14:30:00,Authorized,,Individual Camp,,,
2024/UTR/Coll/248,2024-08-16 11:00:00,2024-08-16 16:00:00,Authorized,,Individual Camp,,,
2024/WEB/CC/100,2024-10-02 11:00:00,2024-10-02 14:00:00,Authorized,,Individual Camp,,,
2024/WEB/CC/119,2024-10-02 2:00:00,2024-10-02 16:00:00,Authorized,,Individual Camp,,,
2024/WEB/CC/131,2024-10-20 11:00:00,2024-10-20 13:00:00,Authorized,,Individual Camp,,,
2024/WEB/CC/142,2024-10-20 11:00:00,2024-10-20 14:30:00,Authorized,,Individual Camp,,,
2024/WEB/CC/153,2024-10-05 2:00:00,2024-10-05 17:00:00,Authorized,,Individual Camp,,,
2024/WEB/CC/156,2024-10-21 11:00:00,2024-10-21 13:00:00,Authorized,,Individual Camp,,,
2024/WEB/CC/181,2024-10-19 11:00:00,2024-10-19 13:00:00,Authorized,,Individual Camp,,,
2024/WEB/CC/182,2024-10-19 11:00:00,2024-10-19 14:00:00,Authorized,,Individual Camp,,,
2024/WEB/CC/188,2024-10-05 11:00:00,2024-10-05 13:00:00,Authorized,,Individual Camp,,,
2024/WEB/CC/69,2024-10-02 11:00:00,2024-10-02 14:00:00,Authorized,,Individual Camp,,,
2024/WEB/Coll/394,2024-04-02 11:00:00,2024-04-02 14:00:00,Authorized,,Individual Camp,,,
2024/WEB/Coll/397,2024-04-05 11:00:00,2024-04-05 13:00:00,Authorized,,Individual Camp,,,
2024/WEB/Coll/398,2024-04-08 15:00:00,2024-04-08 17:00:00,Authorized,,Individual Camp,,,
2024/WEB/Coll/399,2024-04-06 12:00:00,2024-04-06 15:00:00,Authorized,,Individual Camp,,,
2024/WEB/Coll/402,2024-04-09 11:00:00,2024-04-25 20:00:00,Authorized,,Individual Camp,,,
2024/WEB/Coll/404,2024-04-20 10:00:00,2024-04-20 12:00:00,Authorized,,Individual Camp,,,
2024/WEB/Coll/405,2024-04-21 11:00:00,2024-04-21 13:00:00,Authorized,,Individual Camp,,,
2024/WEB/Coll/406,2024-04-27 11:00:00,2024-04-27 13:00:00,Authorized,,Individual Camp,,,
2024/WEB/Coll/407,2024-04-05 10:00:00,2024-04-09 19:00:00,Authorized,,Individual Camp,,,
2024/WEB/Coll/408,2024-04-09 10:00:00,2024-04-10 17:00:00,Authorized,,Individual Camp,,,
2024/WEB/Coll/410,2024-04-28 11:00:00,2024-04-28 14:00:00,Authorized,,Individual Camp,,,
2024/WEB/Coll/411,2024-04-27 9:00:00,2024-04-27 11:00:00,Authorized,,Individual Camp,,,
2024/WEB/Coll/416,2024-05-12 11:00:00,2024-05-12 13:00:00,Authorized,,Individual Camp,,,
2024/WEB/Coll/422,2024-05-28 11:00:00,2024-05-28 14:00:00,Authorized,,Individual Camp,,,
2024/WEB/Coll/423,2024-05-25 11:00:00,2024-05-25 14:00:00,Authorized,,Individual Camp,,,
2024/WEB/Coll/424,2024-05-15 14:00:00,2024-05-15 16:00:00,Authorized,,Individual Camp,,,
2024/WEB/Coll/426,2024-05-19 11:00:00,2024-05-19 13:00:00,Authorized,,Individual Camp,,,
2024/WEB/Coll/428,2024-06-02 11:00:00,2024-06-02 13:00:00,Authorized,,Individual Camp,,,
2024/WEB/Coll/433,2024-06-08 10:00:00,2024-06-08 12:00:00,Authorized,,Individual Camp,,,
2024/WEB/Coll/434,2024-06-09 11:00:00,2024-06-09 14:00:00,Authorized,,Individual Camp,,,
2024/WEB/Coll/439,2024-06-30 10:00:00,2024-06-30 13:00:00,Authorized,,Individual Camp,,,
2024/WEB/Coll/440,2024-06-30 11:00:00,2024-06-30 14:00:00,Authorized,,Individual Camp,,,
2024/WEB/Coll/441,2024-06-14 9:00:00,2024-06-21 21:00:00,Authorized,,Individual Camp,,,
2024/WEB/Coll/442,2024-06-15 16:00:00,2024-06-15 17:00:00,Authorized,,Individual Camp,,,
2024/WEB/Coll/443,2024-06-30 11:00:00,2024-06-30 14:00:00,Authorized,,Individual Camp,,,
2024/WEB/Coll/444,2024-06-21 11:00:00,2024-06-21 13:00:00,Authorized,,Individual Camp,,,
2024/WEB/Coll/449,2024-07-07 10:00:00,2024-07-07 12:00:00,Authorized,,Individual Camp,,,
2024/WEB/Coll/451,2024-07-21 10:15:00,2024-07-21 12:00:00,Authorized,,Individual Camp,,,
2024/WEB/Coll/455,2024-07-21 10:30:00,2024-07-21 12:30:00,Authorized,,Individual Camp,,,
2024/WEB/Coll/456,2024-07-14 11:00:00,2024-07-14 14:00:00,Authorized,,Individual Camp,,,
2024/WEB/Coll/457,2024-07-14 11:00:00,2024-07-14 2:00:00,Authorized,,Individual Camp,,,
2024/WEB/Coll/459,2024-07-27 11:00:00,2024-07-27 16:00:00,Authorized,,Individual Camp,,,
2024/WEB/Coll/461,2024-07-27 17:00:00,2024-07-28 20:00:00,Authorized,,Individual Camp,,,
2024/WEB/Coll/464,2024-07-18 10:30:00,2024-07-18 14:00:00,Authorized,,Individual Camp,,,
2024/WEB/Coll/467,2024-07-28 11:00:00,2024-07-28 13:00:00,Authorized,,Individual Camp,,,
2024/WEB/Coll/468,2024-07-29 10:00:00,2024-08-05 16:00:00,Authorized,,Individual Camp,,,
2024/WEB/Coll/469,2024-08-15 11:00:00,2024-08-15 13:00:00,Authorized,,Individual Camp,,,
2024/WEB/Coll/470,2024-08-15 11:00:00,2024-08-15 13:00:00,Authorized,,Individual Camp,,,
2024/WEB/Coll/471,2024-08-11 10:00:00,2024-08-11 13:00:00,Authorized,,Individual Camp,,,
2024/WEB/Coll/472,2024-08-18 11:00:00,2024-08-18 13:00:00,Authorized,,Individual Camp,,,
2024/WEB/Coll/473,2024-08-18 11:00:00,2024-08-18 13:00:00,Authorized,,Individual Camp,,,
2024/WEB/Coll/476,2024-08-11 11:00:00,2024-08-11 13:00:00,Authorized,,Individual Camp,,,
2024/WEB/Coll/477,2024-08-18 11:00:00,2024-08-18 13:00:00,Authorized,,Individual Camp,,,
2024/WEB/Coll/478,2024-08-03 10:00:00,2024-08-31 18:00:00,Authorized,,Individual Camp,,,
2024/WEB/Coll/479,2024-08-11 11:00:00,2024-08-11 13:00:00,Authorized,,Individual Camp,,,
2024/WEB/Coll/482,2024-08-25 13:00:00,2024-08-25 15:00:00,Authorized,,Individual Camp,,,
2024/WEB/Coll/483,2024-08-17 10:30:00,2024-08-17 12:30:00,Authorized,,Individual Camp,,,
2024/WEB/Coll/484,2024-08-25 11:00:00,2024-08-25 14:00:00,Authorized,,Individual Camp,,,
2024/WEB/Coll/490,2024-08-31 11:00:00,2024-08-31 14:00:00,Authorized,,Individual Camp,,,
2024/WEB/Coll/491,2024-09-01 10:00:00,2024-09-01 12:00:00,Authorized,,Individual Camp,,,
2024/WEB/Coll/494,2024-08-31 10:00:00,2024-08-31 12:00:00,Authorized,,Individual Camp,,,
2024/WEB/Coll/499,2024-08-31 10:00:00,2024-08-31 14:00:00,Authorized,,Individual Camp,,,